{
  "components/products/new": "<h2 class=\"page-heading\">{{lang 'products.new' }}</h2>\n{{#if settings.data_tag_enabled}}\n    {{> components/products/carousel products=products list=\"New Products\"}}\n{{else}}\n    {{> components/products/carousel products=products}}\n{{/if}}\n",
  "components/products/carousel": "<section class=\"productCarousel\"\n    data-list-name=\"{{list}}\"\n    data-slick='{\n        \"infinite\": false,\n        \"mobileFirst\": true,\n        \"slidesToShow\": 2,\n        \"slidesToScroll\": 2,\n        \"slide\": \"[data-product-slide]\",\n        \"responsive\": [\n            {\n                \"breakpoint\": 800,\n                \"settings\": {\n                    \"slidesToShow\": {{ columns }},\n                    \"slidesToScroll\": {{ columns }}\n                }\n            },\n            {\n                \"breakpoint\": 550,\n                \"settings\": {\n                    \"slidesToShow\": 3,\n                    \"slidesToScroll\": 3\n                }\n            }\n        ]\n    }'\n>\n    {{#each products}}\n    <div data-product-slide class=\"productCarousel-slide\">\n        {{> components/products/card settings=../settings theme_settings=../theme_settings customer=../customer event=\"list\" position=(add @index 1)}}\n    </div>\n    {{/each}}\n    {{#if products.length '>' 1}}\n        {{> components/carousel-content-announcement}}\n    {{/if}}\n</section>\n",
  "components/products/card": "<article\n    class=\"card\n    {{#if alternate}} card--alternate{{/if}}\"\n    data-test=\"card-{{id}}\"\n    {{#if settings.data_tag_enabled}}\n        data-event-type=\"{{event}}\"\n        data-entity-id=\"{{id}}\"\n        data-position=\"{{position}}\"\n        data-name=\"{{name}}\"\n        data-product-category=\"\n        {{#each category}}\n            {{#if @last}}\n                {{this}}\n            {{else}}\n                {{this}},\n            {{/if}}\n        {{/each}}\"\n        data-product-brand=\"{{brand.name}}\"\n        data-product-price=\"\n        {{#if price.with_tax}}\n            {{price.with_tax.value}}\n        {{else}}\n            {{price.without_tax.value}}\n        {{/if}}\"\n    {{/if}}>\n    <figure class=\"card-figure\">\n        {{#if stock_level '===' 0}}\n            {{#if theme_settings.pdp_sold_out_label '===' ''}}\n                {{> components/products/product-badge\n                    badge-type='sold-out'\n                    badge_view=theme_settings.product_sold_out_badges\n                    badge_label=(lang \"page_builder.pdp_sold_out_label\")\n                }}\n            {{else}}\n                {{> components/products/product-badge\n                    badge-type='sold-out'\n                    badge_view=theme_settings.product_sold_out_badges\n                    badge_label=theme_settings.pdp_sold_out_label\n                }}\n            {{/if}}\n        {{else}}\n            {{#or price.sale_price_with_tax.value price.sale_price_without_tax.value}}\n                {{#if theme_settings.pdp_sale_badge_label '===' ''}}\n                    {{> components/products/product-badge\n                        badge-type='sale'\n                        badge_view=theme_settings.product_sale_badges\n                        badge_label=(lang \"page_builder.pdp_sale_badge_label\")\n                    }}\n                {{else}}\n                    {{> components/products/product-badge\n                        badge-type='sale'\n                        badge_view=theme_settings.product_sale_badges\n                        badge_label=theme_settings.pdp_sale_badge_label\n                    }}\n                {{/if}}\n            {{/or}}\n        {{/if}}\n        <a href=\"{{url}}\"\n           class=\"card-figure__link\"\n           aria-label=\"{{name}},{{> components/products/product-aria-label}}\"\n           {{#if settings.data_tag_enabled}} data-event-type=\"product-click\" {{/if}}\n        >\n            <div class=\"card-img-container\">\n                <img class=\"card-image lazyload\" title=\"{{image.alt}}\" src=\"{{cdn 'img/loading.svg'}}\" alt=\"{{image.alt}}\" data-sizes=\"auto\" data-src=\"{{getImage image 'productgallery_size' (cdn theme_settings.default_image_product)}}\" />\n                <!-- show alt product image on hover -->\n                {{#each (limit images 2)}}\n                <img  class=\"card-image lazyload second-img\" title=\"{{this.alt}}\" src=\"{{getImage this 'productgallery_size' (cdn theme_settings.default_image_product)}}\" alt=\"{{this.alt}}\" data-sizes=\"auto\">\n                {{/each}}\n            </div>\n        </a>\n\n        <figcaption class=\"card-figcaption\">\n            <div class=\"card-figcaption-body\">\n                {{#unless hide_product_quick_view}}\n                    {{#if theme_settings.show_product_quick_view}}\n                        {{#if settings.data_tag_enabled}}\n                            <button type=\"button\" class=\"button button--small card-figcaption-button quickview\" data-event-type=\"product-click\" data-product-id=\"{{id}}\">{{lang 'products.quick_view'}}</button>\n                        {{else}}\n                            <button type=\"button\" class=\"button button--small card-figcaption-button quickview\" data-product-id=\"{{id}}\">{{lang 'products.quick_view'}}</button>\n                        {{/if}}\n                    {{/if}}\n                {{/unless}}\n                {{#if show_compare}}\n                    <label class=\"button button--small card-figcaption-button\" for=\"compare-{{id}}\">\n                        {{lang 'products.compare'}} <input type=\"checkbox\" name=\"products[]\" value=\"{{id}}\" id=\"compare-{{id}}\" data-compare-id=\"{{id}}\">\n                    </label>\n                {{/if}}\n                {{#or customer (if theme_settings.restrict_to_login '!==' true)}}\n                    {{#if show_cart_action}}\n                        {{#if has_options}}\n                            <a href=\"{{url}}\" data-event-type=\"product-click\" class=\"button button--small card-figcaption-button\" data-product-id=\"{{id}}\">{{lang 'products.choose_options'}}</a>\n                        {{/if}}\n                        {{#if pre_order}}\n                            <a href=\"{{pre_order_add_to_cart_url}}\" data-event-type=\"product-click\" class=\"button button--small card-figcaption-button\">{{lang 'products.pre_order'}}</a>\n                        {{/if}}\n                        {{#if add_to_cart_url }}\n                            <a href=\"{{add_to_cart_url}}\" data-event-type=\"product-click\" data-button-type=\"add-cart\" class=\"button button--small card-figcaption-button\">{{lang 'products.add_to_cart'}}</a>\n                            <span class=\"product-status-message aria-description--hidden\">{{lang 'category.add_cart_announcement'}}</span>\n                        {{/if}}\n                        {{#if out_of_stock_message }}\n                            <a href=\"{{url}}\" data-event-type=\"product-click\" class=\"button button--small card-figcaption-button\" data-product-id=\"{{id}}\">{{out_of_stock_message}}</a>\n                        {{/if}}\n                    {{/if}}\n                {{/or}}\n            </div>\n        </figcaption>\n    </figure>\n    <div class=\"card-body\">\n        {{#and rating show_rating}}\n            <p class=\"card-text\" data-test-info-type=\"productRating\">\n                <span class=\"rating--small\">\n                    {{> components/products/ratings rating_target=name rating=rating}}\n                </span>\n            </p>\n        {{/and}}\n        {{#if brand.name}}\n            <p class=\"card-text\" data-test-info-type=\"brandName\">{{brand.name}}</p>\n        {{/if}}\n        <h3 class=\"card-title\">\n            <a aria-label=\"{{name}},{{> components/products/product-aria-label}}\"\n               href=\"{{url}}\"\n               {{#if settings.data_tag_enabled}} data-event-type=\"product-click\" {{/if}}\n            >\n                {{name}}\n            </a>\n        </h3>\n\n        <div class=\"card-text\" data-test-info-type=\"price\">\n            {{#or customer (if theme_settings.restrict_to_login '!==' true)}}\n                {{> components/products/price price=price}}\n            {{else}}\n                {{> components/common/login-for-pricing}}\n            {{/or}}\n        </div>\n        {{> components/products/bulk-discount-rates}}\n    </div>\n</article>\n",
  "components/carousel-content-announcement": "<span\n    data-carousel-content-change-message\n    class=\"aria-description--hidden\"\n    aria-live=\"polite\" \n    role=\"status\"></span>\n",
  "components/products/product-badge": "{{#if badge_view '===' 'sash'}}\n    <div class=\"{{badge-type}}-flag-sash\">\n        <span class=\"{{badge-type}}-text\">{{{badge_label}}}</span>\n    </div>\n{{else if badge_view '===' 'topleft'}}\n    <div class=\"{{badge-type}}-flag-side\">\n        <span class=\"{{badge-type}}-text\">{{{badge_label}}}</span>\n    </div>\n{{else if badge_view '===' 'burst'}}\n    <div class=\"starwrap\">\n        <div class=\"{{badge-type}}-text-burst\">{{{badge_label}}}</div>\n        <div class=\"{{badge-type}}-flag-star\"></div>\n    </div>\n{{/if}}\n",
  "components/products/product-aria-label": "{{#and price.price_range (if theme_settings.price_ranges '==' true)}}\n    {{#and price.price_range.min.with_tax price.price_range.max.with_tax}}\n{{lang 'category.shop_by_price_range_aria'\n       from=price.price_range.min.with_tax.formatted\n       to=price.price_range.max.with_tax.formatted\n}}\n    {{else}}\n{{lang 'category.shop_by_price_range_aria'\n       from=price.price_range.min.without_tax.formatted\n       to=price.price_range.max.without_tax.formatted\n}}\n    {{/and}}\n{{else}}\n    {{#if price.with_tax}}\n        {{#if price.non_sale_price_with_tax}}\n{{> components/products/price-label\n    label_value=theme_settings.pdp-non-sale-price-label\n    fallback=(lang \"page_builder.pdp-non-sale-price-label\")\n}}{{price.non_sale_price_with_tax.formatted}},\n{{> components/products/price-label\n    label_value=theme_settings.pdp-sale-price-label\n    fallback=(lang \"page_builder.pdp-sale-price-label\")\n}}{{price.with_tax.formatted}}\n        {{else}}\n{{price.with_tax.formatted}}\n        {{/if}}\n    {{else}}\n        {{#if price.non_sale_price_without_tax}}\n{{> components/products/price-label\n    label_value=theme_settings.pdp-non-sale-price-label\n    fallback=(lang \"page_builder.pdp-non-sale-price-label\")\n}}{{price.non_sale_price_without_tax.formatted}},\n{{> components/products/price-label\n    label_value=theme_settings.pdp-sale-price-label\n    fallback=(lang \"page_builder.pdp-sale-price-label\")\n}}{{price.without_tax.formatted}}\n        {{else}}\n{{price.without_tax.formatted}}\n        {{/if}}\n    {{/if}}\n{{/and}}\n",
  "components/products/ratings": "<span role=\"img\"\n    {{#if rating_target}}\n      aria-label=\"{{lang 'products.reviews.rating_aria_label' rating_target=rating_target current_rating=rating max_rating=5}}\"\n    {{else}}\n      aria-label=\"{{lang 'products.reviews.rating_aria_label' rating_target='Product' current_rating=rating max_rating=5}}\"\n    {{/if}}\n>\n    {{#for 1 5}}\n        {{#if ../this.rating '>=' $index}}\n            <span class=\"icon icon--ratingFull\">\n                <svg>\n                    <use xlink:href=\"#icon-star\" />\n                </svg>\n            </span>\n        {{else}}\n            <span class=\"icon icon--ratingEmpty\">\n                <svg>\n                    <use xlink:href=\"#icon-star\" />\n                </svg>\n            </span>\n        {{/if}}\n    {{/for}}\n</span>\n",
  "components/common/login-for-pricing": "<p translate>Log in for pricing</p>",
  "components/products/bulk-discount-rates": "{{#if bulk_discount_rates.length}}\n    {{#if product}}<dt class=\"productView-info-name\">{{lang 'products.bulk_pricing.title'}}</dt>{{/if}}\n    <dd class=\"productView-info-value\">\n        <a href=\"{{product.url}}#bulk_pricing\"\n           {{#unless is_ajax }}data-reveal-id=\"modal-bulk-pricing\"{{/unless}}>\n            {{lang 'products.bulk_pricing.view'}}\n        </a>\n    </dd>\n    <div id=\"modal-bulk-pricing\" class=\"modal modal--small\" data-reveal>\n        <div class=\"modal-header\">\n            <h2 class=\"modal-header-title\">{{lang 'products.bulk_pricing.modal_title'}}</h2>\n            {{> components/common/modal/modal-close-btn}}\n        </div>\n        <div class=\"modal-body\">\n            <p>{{lang 'products.bulk_pricing.instructions'}}</p>\n            <ul>\n                {{#each bulk_discount_rates}}\n                <li>\n                    {{lang 'products.bulk_pricing.range' min=min max=max}}\n                    {{#if type '===' 'percent'}}\n                    {{lang 'products.bulk_pricing.percent' discount=discount.formatted}}\n                    {{else if type '===' 'fixed'}}\n                    {{lang 'products.bulk_pricing.fixed' discount=discount.formatted}}\n                    {{else if type '===' 'price'}}\n                    {{lang 'products.bulk_pricing.price' discount=discount.formatted}}\n                    {{/if}}\n                </li>\n                {{/each}}\n            </ul>\n        </div>\n    </div>\n{{/if}}\n",
  "components/products/price": "{{!-- There are 2 code paths for generating the PDP pricing HTML determined by the following #and condition.\nIf a 'price_range' exists then we generate all HTML in price-range.html, otherwise it is defined here. Both code\npaths generate the same HTML structure with some differences in whether that element is displayed by default (css styling).\n\nIf you are making a change here or in price-range.html, you probably want to make that change in both files. --}}\n\n{{#and price.price_range (if theme_settings.price_ranges '==' true)}}\n    {{> components/products/price-range price=price schema_org=schema_org}}\n{{else}}\n    {{#if price.with_tax}}\n        <div class=\"price-section price-section--withTax rrp-price--withTax\" {{#unless price.rrp_with_tax}}style=\"display: none;\"{{/unless}}>\n            <span>\n                {{> components/products/price-label\n                    label_value=theme_settings.pdp-retail-price-label\n                    fallback=(lang \"page_builder.pdp-retail-price-label\")\n                }}\n            </span>\n            <span data-product-rrp-with-tax class=\"price price--rrp\">\n                {{price.rrp_with_tax.formatted}}\n            </span>\n        </div>\n        <div class=\"price-section price-section--withTax non-sale-price--withTax\" {{#unless price.non_sale_price_with_tax}}style=\"display: none;\"{{/unless}}>\n            <span>\n                {{> components/products/price-label\n                    label_value=theme_settings.pdp-non-sale-price-label\n                    fallback=(lang \"page_builder.pdp-non-sale-price-label\")\n                }}\n            </span>\n            <span data-product-non-sale-price-with-tax class=\"price price--non-sale\">\n                {{price.non_sale_price_with_tax.formatted}}\n            </span>\n        </div>\n        <div class=\"price-section price-section--withTax\" {{#if schema_org}}itemprop=\"offers\" itemscope itemtype=\"https://schema.org/Offer\"{{/if}}>\n            <span class=\"price-label\" {{#if price.non_sale_price_with_tax}}style=\"display: none;\"{{/if}}>\n                {{theme_settings.pdp-price-label}}\n            </span>\n            <span class=\"price-now-label\" {{#unless price.non_sale_price_with_tax}}style=\"display: none;\"{{/unless}}>\n                {{> components/products/price-label\n                    label_value=theme_settings.pdp-sale-price-label\n                    fallback=(lang \"page_builder.pdp-sale-price-label\")\n                }}\n            </span>\n            <span data-product-price-with-tax class=\"price price--withTax\">{{price.with_tax.formatted}}</span>\n            {{#if schema_org}}\n                <meta itemprop=\"availability\" itemtype=\"https://schema.org/ItemAvailability\"\n                \tcontent=\"https://schema.org/{{#if product.pre_order}}PreOrder{{else if product.out_of_stock}}OutOfStock{{else if product.can_purchase '===' false}}OutOfStock{{else}}InStock{{/if}}\">\n                <meta itemprop=\"itemCondition\" itemtype=\"https://schema.org/OfferItemCondition\" content=\"https://schema.org/{{product.condition}}Condition\">\n                <meta itemprop=\"priceCurrency\" content=\"{{currency_selector.active_currency_code}}\">\n                <meta itemprop=\"url\" content=\"{{product.url}}\">\n                <div itemprop=\"priceSpecification\" itemscope itemtype=\"https://schema.org/PriceSpecification\">\n                    <meta itemprop=\"price\" content=\"{{price.with_tax.value}}\">\n                    <meta itemprop=\"priceCurrency\" content=\"{{currency_selector.active_currency_code}}\">\n                    <meta itemprop=\"valueAddedTaxIncluded\" content=\"true\">\n                </div>\n            {{/if}}\n            {{#if price.without_tax}}\n                <abbr title=\"{{lang 'products.including_tax'}}\">{{lang 'products.price_with_tax' tax_label=price.tax_label}}</abbr>\n            {{/if}}\n        </div>\n    {{/if}}\n    {{#if price.without_tax}}\n        <div class=\"price-section price-section--withoutTax rrp-price--withoutTax{{#if price.with_tax}} price-section--minor{{/if}}\" {{#unless price.rrp_without_tax}}style=\"display: none;\"{{/unless}}>\n            <span>\n                {{> components/products/price-label\n                    label_value=theme_settings.pdp-retail-price-label\n                    fallback=(lang \"page_builder.pdp-retail-price-label\")\n                }}\n            </span>\n            <span data-product-rrp-price-without-tax class=\"price price--rrp\">\n                {{price.rrp_without_tax.formatted}}\n            </span>\n        </div>\n        <div class=\"price-section price-section--withoutTax non-sale-price--withoutTax{{#if price.with_tax}} price-section--minor{{/if}}\" {{#unless price.non_sale_price_without_tax}}style=\"display: none;\"{{/unless}}>\n            <span>\n                {{> components/products/price-label\n                    label_value=theme_settings.pdp-non-sale-price-label\n                    fallback=(lang \"page_builder.pdp-non-sale-price-label\")\n                }}\n            </span>\n            <span data-product-non-sale-price-without-tax class=\"price price--non-sale\">\n                {{price.non_sale_price_without_tax.formatted}}\n            </span>\n        </div>\n        <div class=\"price-section price-section--withoutTax\" {{#if schema_org}}itemprop=\"offers\" itemscope itemtype=\"https://schema.org/Offer\"{{/if}}>\n            <span class=\"price-label\" {{#if price.non_sale_price_without_tax}}style=\"display: none;\"{{/if}}>\n                {{theme_settings.pdp-price-label}}\n            </span>\n            <span class=\"price-now-label\" {{#unless price.non_sale_price_without_tax}}style=\"display: none;\"{{/unless}}>\n                {{> components/products/price-label\n                    label_value=theme_settings.pdp-sale-price-label\n                    fallback=(lang \"page_builder.pdp-sale-price-label\")\n                }}\n            </span>\n            <span data-product-price-without-tax class=\"price price--withoutTax{{#if price.with_tax}} price-section--minor{{/if}}\">{{price.without_tax.formatted}}</span>\n            {{#if schema_org}}\n                <meta itemprop=\"availability\" itemtype=\"https://schema.org/ItemAvailability\"\n                    content=\"https://schema.org/{{#if product.pre_order}}PreOrder{{else if product.out_of_stock}}OutOfStock{{else if product.can_purchase '===' false}}OutOfStock{{else}}InStock{{/if}}\">\n                <meta itemprop=\"itemCondition\" itemtype=\"https://schema.org/OfferItemCondition\" content=\"https://schema.org/{{product.condition}}Condition\">\n                <meta itemprop=\"priceCurrency\" content=\"{{currency_selector.active_currency_code}}\">\n                <meta itemprop=\"url\" content=\"{{product.url}}\">\n                <div itemprop=\"priceSpecification\" itemscope itemtype=\"https://schema.org/PriceSpecification\">\n                    <meta itemprop=\"price\" content=\"{{price.without_tax.value}}\">\n                    <meta itemprop=\"priceCurrency\" content=\"{{currency_selector.active_currency_code}}\">\n                    <meta itemprop=\"valueAddedTaxIncluded\" content=\"false\">\n                </div>\n            {{/if}}\n            {{#if price.with_tax}}\n                <abbr title=\"{{lang 'products.excluding_tax'}}\">{{lang 'products.price_without_tax' tax_label=price.tax_label}}</abbr>\n            {{/if}}\n        </div>\n    {{/if}}\n    {{#if page_type '===' 'product'}}\n         <div class=\"price-section price-section--saving price\" {{#unless price.saved}}style=\"display: none;\"{{/unless}}>\n                <span class=\"price\">{{lang 'products.you_save_opening_text'}}</span>\n                <span data-product-price-saved class=\"price price--saving\">\n                    {{price.saved.formatted}}\n                </span>\n                <span class=\"price\">{{lang 'products.you_save_closing_bracket'}}</span>\n         </div>\n    {{/if}}\n{{/and}}\n",
  "components/products/price-label": "{{#if label_value '===' ''}}\n    {{fallback}}\n{{else}}\n    {{label_value}}\n{{/if}}\n",
  "components/common/modal/modal-close-btn": "<button class=\"modal-close\"\n        type=\"button\"\n        title=\"{{lang 'common.close'}}\"\n        {{additional_attr}}\n>\n    <span class=\"aria-description--hidden\">{{lang 'common.close'}}</span>\n    <span aria-hidden=\"true\">&#215;</span>\n</button>\n",
  "components/products/price-range": "{{#and price.retail_price_range.min.with_tax price.retail_price_range.max.with_tax}}\n    <div class=\"price-section price-section--withTax rrp-price--withTax\">\n        <span>\n            {{> components/products/price-label\n                label_value=theme_settings.pdp-retail-price-label\n                fallback=(lang \"page_builder.pdp-retail-price-label\")\n            }}\n        </span>\n        <span data-product-rrp-price-with-tax class=\"price price--rrp\">{{price.retail_price_range.min.with_tax.formatted}} - {{price.retail_price_range.max.with_tax.formatted}}</span>\n    </div>\n{{else}}\n    {{#if price.with_tax}}\n        <div class=\"price-section price-section--withTax rrp-price--withTax\" style=\"display: none;\">\n            <span>\n                {{> components/products/price-label\n                    label_value=theme_settings.pdp-retail-price-label\n                    fallback=(lang \"page_builder.pdp-retail-price-label\")\n                }}\n            </span>\n            <span data-product-rrp-with-tax class=\"price price--rrp\">\n                {{price.rrp_with_tax.formatted}}\n            </span>\n        </div>\n    {{/if}}\n{{/and}}\n{{#and price.price_range.min.with_tax price.price_range.max.with_tax}}\n    {{!-- Never display the \"non-sales price\" if there is a price range to be shown, but we do want the element on the page --}}\n    <div class=\"price-section price-section--withTax non-sale-price--withTax\" style=\"display: none;\">\n        <span>\n            {{> components/products/price-label\n                label_value=theme_settings.pdp-non-sale-price-label\n                fallback=(lang \"page_builder.pdp-non-sale-price-label\")\n            }}\n        </span>\n        <span data-product-non-sale-price-with-tax class=\"price price--non-sale\">\n            {{price.non_sale_price_with_tax.formatted}}\n        </span>\n    </div>\n    <div class=\"price-section price-section--withTax\" {{#if schema_org}}itemprop=\"offers\" itemscope itemtype=\"https://schema.org/Offer\"{{/if}}>\n        <span class=\"price-label\">{{theme_settings.pdp-price-label}}</span>\n        <span class=\"price-now-label\" style=\"display: none;\">\n            {{> components/products/price-label\n                label_value=theme_settings.pdp-sale-price-label\n                fallback=(lang \"page_builder.pdp-sale-price-label\")\n            }}\n        </span>\n        <span data-product-price-with-tax class=\"price price--withTax\">{{price.price_range.min.with_tax.formatted}} - {{price.price_range.max.with_tax.formatted}}</span>\n        {{#and price.price_range.min.without_tax price.price_range.max.without_tax}}\n            <abbr title=\"{{lang 'products.including_tax'}}\">{{lang 'products.price_with_tax' tax_label=price.price_range.min.tax_label}}</abbr>\n        {{/and}}\n        {{#if schema_org}}\n            <meta itemprop=\"availability\" itemtype=\"https://schema.org/ItemAvailability\"\n                    content=\"https://schema.org/{{#if product.pre_order}}PreOrder{{else if product.out_of_stock}}OutOfStock{{else if product.can_purchase '===' false}}OutOfStock{{else}}InStock{{/if}}\">\n            <meta itemprop=\"itemCondition\" itemtype=\"https://schema.org/OfferItemCondition\" content=\"https://schema.org/{{product.condition}}Condition\">\n            <meta itemprop=\"priceCurrency\" content=\"{{currency_selector.active_currency_code}}\">\n            <meta itemprop=\"url\" content=\"{{product.url}}\">\n            <div itemprop=\"priceSpecification\" itemscope itemtype=\"https://schema.org/PriceSpecification\">\n                <meta itemprop=\"minPrice\" content=\"{{price_range.min.with_tax.value}}\"  />\n                <meta itemprop=\"price\" content=\"{{price_range.min.with_tax.value}}\">\n                <meta itemprop=\"maxPrice\" content=\"{{price_range.max.with_tax.value}}\"  />\n                <meta itemprop=\"priceCurrency\" content=\"{{currency_selector.active_currency_code}}\">\n                <meta itemprop=\"valueAddedTaxIncluded\" content=\"true\">\n            </div>\n        {{/if}}\n    </div>\n{{/and}}\n{{#and price.retail_price_range.min.without_tax price.retail_price_range.max.without_tax}}\n    <div class=\"price-section price-section--withoutTax rrp-price--withoutTax{{#if price.with_tax}} price-section--minor{{/if}}\">\n        <span>\n            {{> components/products/price-label\n                label_value=theme_settings.pdp-retail-price-label\n                fallback=(lang \"page_builder.pdp-retail-price-label\")\n            }}\n        </span>\n        <span data-product-rrp-price-without-tax class=\"price price--rrp\">{{price.retail_price_range.min.without_tax.formatted}} - {{price.retail_price_range.max.without_tax.formatted}}</span>\n    </div>\n{{else}}\n    {{#if price.without_tax}}\n        <div class=\"price-section price-section--withoutTax rrp-price--withoutTax{{#if price.with_tax}} price-section--minor{{/if}}\" style=\"display: none;\">\n            <span>\n                {{> components/products/price-label\n                    label_value=theme_settings.pdp-retail-price-label\n                    fallback=(lang \"page_builder.pdp-retail-price-label\")\n                }}\n            </span>\n            <span data-product-rrp-price-without-tax class=\"price price--rrp\">\n                {{price.rrp_without_tax.formatted}}\n            </span>\n        </div>\n    {{/if}}\n{{/and}}\n{{#and price.price_range.min.without_tax price.price_range.max.without_tax}}\n    {{!-- Never display the \"non-sales price\" if there is a price range to be shown, but we do want the element on the page --}}\n    <div class=\"price-section price-section--withoutTax non-sale-price--withoutTax{{#if price.with_tax}} price-section--minor{{/if}}\" style=\"display: none;\">\n        <span>\n            {{> components/products/price-label\n                label_value=theme_settings.pdp-non-sale-price-label\n                fallback=(lang \"page_builder.pdp-non-sale-price-label\")\n            }}\n        </span>\n        <span data-product-non-sale-price-without-tax class=\"price price--non-sale\">\n            {{price.non_sale_price_without_tax.formatted}}\n        </span>\n    </div>\n    <div class=\"price-section price-section--withoutTax{{#and price_range.min.with_tax price_range.max.with_tax}} price-section--minor{{/and}}\" {{#if schema_org}}itemprop=\"offers\" itemscope itemtype=\"https://schema.org/Offer\"{{/if}}>\n        <span class=\"price-label\">{{theme_settings.pdp-price-label}}</span>\n        <span class=\"price-now-label\" style=\"display: none;\">\n            {{> components/products/price-label\n                label_value=theme_settings.pdp-sale-price-label\n                fallback=(lang \"page_builder.pdp-sale-price-label\")\n            }}\n        </span>\n        <span data-product-price-without-tax class=\"price price--withoutTax\">{{price.price_range.min.without_tax.formatted}} - {{price.price_range.max.without_tax.formatted}}</span>\n        {{#and price.price_range.min.with_tax price.price_range.max.with_tax}}\n            <abbr title=\"{{lang 'products.excluding_tax'}}\">{{lang 'products.price_without_tax' tax_label=price.price_range.min.tax_label}}</abbr>\n        {{/and}}\n        {{#if schema_org}}\n            <meta itemprop=\"availability\" itemtype=\"https://schema.org/ItemAvailability\"\n                    content=\"https://schema.org/{{#if product.pre_order}}PreOrder{{else if product.out_of_stock}}OutOfStock{{else if product.can_purchase '===' false}}OutOfStock{{else}}InStock{{/if}}\">\n            <meta itemprop=\"itemCondition\" itemtype=\"https://schema.org/OfferItemCondition\" content=\"https://schema.org/{{product.condition}}Condition\">\n            <meta itemprop=\"priceCurrency\" content=\"{{currency_selector.active_currency_code}}\">\n            <meta itemprop=\"url\" content=\"{{product.url}}\">\n            <div itemprop=\"priceSpecification\" itemscope itemtype=\"https://schema.org/PriceSpecification\">\n                <meta itemprop=\"minPrice\" content=\"{{price.price_range.min.without_tax.value}}\"  />\n                <meta itemprop=\"price\" content=\"{{price.price_range.min.without_tax.value}}\">\n                <meta itemprop=\"maxPrice\" content=\"{{price.price_range.max.without_tax.value}}\"  />\n                <meta itemprop=\"priceCurrency\" content=\"{{currency_selector.active_currency_code}}\">\n                <meta itemprop=\"valueAddedTaxIncluded\" content=\"false\">\n            </div>\n        {{/if}}\n    </div>\n{{/and}}\n\n{{!-- Never display the \"saving price\" element by default if there is a price range on the page to be shown --}}\n{{#if page_type '===' 'product'}}\n     <div class=\"price-section price-section--saving price\" style=\"display: none;\">\n            <span class=\"price\">{{lang 'products.you_save_opening_text'}}</span>\n            <span data-product-price-saved class=\"price price--saving\">\n                {{price.saved.formatted}}\n            </span>\n            <span class=\"price\">{{lang 'products.you_save_closing_bracket'}}</span>\n     </div>\n{{/if}}\n"
}